-- phpMyAdmin SQL Dump
-- version 4.4.14
-- http://www.phpmyadmin.net
--
-- Host: 127.0.0.1
-- Generation Time: Feb 07, 2016 at 09:10 AM
-- Server version: 5.6.26
-- PHP Version: 5.6.12

SET SQL_MODE = "NO_AUTO_VALUE_ON_ZERO";
SET time_zone = "+00:00";


/*!40101 SET @OLD_CHARACTER_SET_CLIENT=@@CHARACTER_SET_CLIENT */;
/*!40101 SET @OLD_CHARACTER_SET_RESULTS=@@CHARACTER_SET_RESULTS */;
/*!40101 SET @OLD_COLLATION_CONNECTION=@@COLLATION_CONNECTION */;
/*!40101 SET NAMES utf8mb4 */;

--
-- Database: `xtasy`
--

-- --------------------------------------------------------

--
-- Table structure for table `tbl_college`
--

CREATE TABLE IF NOT EXISTS `tbl_college` (
  `id` int(11) NOT NULL,
  `college_name` varchar(500) NOT NULL,
  `dist` varchar(20) NOT NULL
) ENGINE=InnoDB DEFAULT CHARSET=latin1;

--
-- Dumping data for table `tbl_college`
--

INSERT INTO `tbl_college` (`id`, `college_name`, `dist`) VALUES
(1, 'ADARSHA COLLEGE OF ENGINEERING', 'ANUGUL'),
(2, 'AJAY BINAY INSTITUTE OF TECHNOLOGY', 'CUTTACK'),
(3, 'APEX INSTITUTE OF TECHNOLOGY & MANAGEMENT', 'KHURDA'),
(4, 'ARYAN INSTITUTE OF ENGINEERING & TECHNOLOGY', 'KHURDA'),
(5, 'BALASORE COLLEGE OF ENGINEERING AND TECHNOLOGY', 'BALASORE'),
(6, 'BHADRAK INSTITUTE OF ENGINEERING & TECHNOLOGY', 'BHADRAK'),
(7, 'BHUBANESWAR ENGINEERING COLLEGE', 'KHURDA'),
(8, 'BHUBANESWAR INSTITUTE OF INDUSTRIAL? TECHNOLOGY', 'KHURDA'),
(9, 'BHUBANESWAR INSTITUTE OF TEACHNOLOGY', 'KHURDA'),
(10, 'BLACK DIAMOND COLLEGE OF ENGINEERING & TECHNOLOGY', 'JHARSUGUDA'),
(11, 'BRM INTERNATIONAL INSTITUTE OF TECHNOLOGY', 'KHURDA'),
(12, 'CAPITAL ENGINEERING COLLEGE', 'KHURDA'),
(13, 'C. V. RAMAN COLLEGE OF ENGINEERING', 'KHURDA'),
(14, 'CENTURION INSTITUTE OF TECHNOLOGY', 'KHURDA'),
(15, 'CENTRAL INSTITUTE OF PLASTIC ENGINEERING & TECHNOLOGY', 'KHURDA'),
(16, 'COLLEGE OF ENGINEERING', 'KHURDA'),
(17, 'COLLEGE OF ENGINEERING & TECHNOLOGY', 'BHUBANESWAR'),
(18, 'DHANEASWAR RATH INSTITUTE OF MANAGEMENT & SCIENECS', 'CUTTACK'),
(19, 'EASTERN ACADEMY OF SCIENCE AND TECHNOLOGY', 'KHURDA'),
(20, 'EINSTEIN ACADEMY OF TECHNOLOGY & MANAGEMENT', 'KHURDA'),
(21, 'EKLAVYA COLLEGE OF TECHNOLOGY & SCIENCE', 'KHURDA'),
(22, 'GANDHI ACADEMY OF TECHNOLOGY & ENGINEERING', 'GANJAM'),
(23, 'GANDHI ENGINEERING COLLEGE', 'KHURDA'),
(24, 'GANDHI INSTITUTE FOR EDUCATION & TECHNOLOGY', 'KHURDA'),
(25, 'GANDHI INSTITUTE FOR TECHNOLOGY', 'KHURDA'),
(26, 'GANDHI INSTITUTE OF EXCELLENT TECHNOCRATS', 'KHURDA'),
(27, 'GANDHI INSTITUTE OF ENGINEERING TECHNOLOGY', 'RAYAGADA'),
(28, 'GANDHI INSTITUTE OF INDUSTRIAL TECHNOLOGY', 'GANJAM'),
(29, 'GANDHI INSTITUTE OF SCIENCE AND TECHNOLOGY', 'RAYAGADA'),
(30, 'GANDHI INSTITUTE FOR TECHNOLOGICAL ADVANCEMENT (GITA)', 'KHURDA'),
(31, 'GANDHI INSTITUTE OF TECHNOLOGY & MANAGEMENT', 'KHURDA'),
(32, 'GHANSHYAM HEMALATA INSTITUTE OF TECHNOLOGY AND MANAGEMENT', 'PURI '),
(33, 'GOPAL KRISHNA COLLEGE OF ENGINEERING AND TECHNOLOGY', 'KORAPUT'),
(34, 'GOVERNMENT COLLEGE OF ENGINEERING, KALAHADI', 'KALAHANDI'),
(35, 'GURUKUL COLLEGE OF ENGINEERING FOR WOMEN', 'KHURDA'),
(36, 'GURUKULA INSTITUTE OF TECHNOLOGY', 'KHURDA'),
(37, 'HITECH COLLEGE OF ENGINEERING', 'KHURDA'),
(38, 'HI-TECH INSTITUTE OF TECHNOLOGY', 'KHURDA'),
(39, 'INDIC INSTITUTE OF DESIGN AND RESEARCH', 'KHURDA'),
(40, 'INDIRA GANDHI INSTITUTE OF TECHNOLOGY', 'DHENKANAL'),
(41, 'INDOTECH COLLEGE OF ENGINEERING', 'KHURDA'),
(42, 'INDUS COLLEGE OF ENGINEERING', 'KHURDA'),
(43, 'INSTITUTE OF ADVANCED COMPUTER AND RESEARCH', 'RAYAGADA'),
(44, 'INTERNATIONAL INSTITUTE OF ENGINEERING & TECHNOLOGY', 'KHURDA'),
(45, 'INTERNATIONAL INSTITUTE OF INFORMATION TECHNOLOGY', 'KHURDA'),
(46, 'JAGANNATH INSTITUTE FOR TECHNOLOGY & MANAGEMENT', 'GAJAPATI'),
(47, 'JAGANNATH INSTITUTE OF ENGINEERING & TECHNOLOGY', 'CUTTACK'),
(48, 'KALAM INSTITUTE OF TECHNOLOGY', 'GANJAM'),
(49, 'KMBB COLLEGE OF ENGINEERING & TECHNOLOGY', 'KHURDA'),
(50, 'KONARK INSTITUTE OF SCIENCE AND TECHNOLOGY', 'KHURDA'),
(51, 'KOUSTUV INSTITUTE OF SELF DOMAIN', 'KHURDA'),
(52, 'KOUSTUV INSTITUTE OF TECHNOLOGY', 'KHURDA'),
(53, 'KRUPAJALA ENGINEERING COLLEGE', 'KHURDA'),
(54, 'KRUTTIKA INSTITUTE OF TECHNICAL EDUCATION', 'KHURDA'),
(55, 'MAHARAJA INSTITUTE OF TECHNOLOGY', 'KHURDA'),
(56, 'MAHAVIR INSTITUTE OF ENGINEERING AND TECHNOLOGY', 'KHURDA'),
(57, 'MAJHIGHARIANI INSTITUTE OF TECHNOLOGY AND SCIENCE', 'RAYAGADA'),
(58, 'MODERN ENGINEERING & MANAGEMENT STUDIES', 'BALASORE'),
(59, 'MODERN INSTITUTE OF TECHNOLOGY & MANAGEMENT', 'KHURDA'),
(60, 'NALANDA INSTITUTE OF TECHNOLOGY', 'KHURDA'),
(61, 'NATIONAL INSTITUTE OF SCIENCE AND TECHNOLOGY', 'GANJAM'),
(62, 'NIGAM INSTITUTE OF ENGINEEING & TECHNOLOGY', 'CUTTACK'),
(63, 'NM INSTITUTE OF ENGINEERING AND TECHNOLOGY', 'KHURDA'),
(64, 'ORISSA ENGINEERING COLLEGE', 'KHURDA'),
(65, 'ORISSA SCHOOL OF MINING ENGINEERING', 'KEONJHAR'),
(66, 'OXFORD COLLEGE OF ENGINEERING & MANAGEMENT', 'KHURDA'),
(67, 'PADMANAVA COLLEGE OF ENGINEERING', 'ROURKELA '),
(68, 'PADMASHREE KRUTHARTHA COLLEGE OF ENGINEERING', 'BARGARH'),
(69, 'PARALA MAHARAJA ENGINEERING COLLEGE', 'GANJAM'),
(70, 'PURUSHOTTAM INSTITUTE OF ENGINEERING AND TECHNOLOGY', 'ROURKELA '),
(71, 'RADHAKRISHNA INSTITUTE OF ENGINEERING & TECHNOLOGY', 'KHURDA'),
(72, 'RAAJDHANI ENGINEERING COLLEGE', 'KHURDA'),
(73, 'RAYAGADA INSTITUTE OF TECHNOLOGY & MANAGEMENT', 'RAYAGADA'),
(74, 'RAHUL INSTITUTE OF ENGINEERING & TECHNOLOGY', 'GANJAM'),
(75, 'ROLAND INSTITUTE TECHNOLOGY', 'GANJAM'),
(76, 'SAMANTA CHANDRA SEKHAR INSTITUTE OF TECHNOLOGY AND MANAGEMENT', 'KORAPUT'),
(77, 'SANJAY MEMORIAL INSTITUTE OF TECHNOLOGY', 'GANJAM'),
(78, 'SATYASAI ENGINEERING COLLEGE', 'BALASORE'),
(79, 'SEEMANTA ENGINEERING COLLEGE', 'MAYURBHANJ'),
(80, 'SHIBANI INSTITUTE OF TECHNICAL EDUCATION', 'KHURDA'),
(81, 'SILICON INSTITUTE OF TECHNOLOGY', 'KHURDA'),
(82, 'SILICON INSTITUTE OF TECHNOLOGY', 'SAMBALPUR'),
(83, 'SOPHITORIUM ENGINEERING COLLEGE', 'KHURDA'),
(84, 'SPINTRONIC TECHNOLOGY & ADVANCE RESEARCH', 'KHURDA'),
(85, 'SRINIX COLLEGE OF ENGINEERING', 'BALASORE'),
(86, 'SUBAS INSTITUTE OF TECHNOLOGY', 'KHURDA'),
(87, 'SUDDHANANDA ENGINEERING & RESEARH CENTRE', 'CUTTACK'),
(88, 'SUNDERGARH ENGINEERING COLLEGE, SUNDERGARH', 'SUNDERGARH'),
(89, 'SYNERGY INSTITUTE OF ENGINEERING AND TECHNOLOGY', 'DHENKANAL'),
(90, 'SYNERGY INSTITUTE OF TECHNOLOGY', 'KHURDA'),
(91, 'THE TECHNO SCHOOL', 'KHURDA'),
(92, 'TEMPLE CITY INSTITUTE OF TECHNOLOY & ENGINEERING', 'KHURDA'),
(93, 'TRIDENT ACADEMY OF TECHNOLOGY', 'KHURDA'),
(94, 'VEDANG INSTITUTE OF TECHNOLGY', 'KHURDA'),
(95, 'VITS ENGINEERING COLLEGE', 'KHURDA'),
(96, 'VIGNAN INSTITUTE OF TECHNOLOGY AND MANAGEMENT', 'GANJAM'),
(97, 'VIJAYANJALI INSTITUTE OF TECHNOLOGY', 'BALASORE'),
(98, 'VIKASH COLLEGE OF ENGINEERING FOR WOMEN', 'BARGARH'),
(99, 'VIVEKANANDA INSTITUTE OF TECHNOLOGY', 'KHURDA'),
(100, 'XAVIER INSTITUTE OF TECHNOLOGY', 'KHURDA'),
(101, 'BHUBANESWAR COLLEGE OF ENGINEERING', 'KHURDA'),
(102, 'COLLEGE OF ENGINEERING & TECHNOLOGY', 'BHUBANESWAR'),
(103, 'PILOO MODY COLLEGE OF ARCHITECTURE', 'CUTTACK '),
(104, 'COLLEGE OF PHARMACEUTICAL SCIENCES', 'GANJAM'),
(105, 'COLLEGE OF PHARMACEUTICAL SCIENCES', 'PURI'),
(106, 'DADHICHI COLLEGE OF PHARMACY', 'CUTTACK '),
(107, 'GAYATRI COLLEGE OF PHARMACY', 'SAMBALPUR'),
(108, 'GAYATRI INSTITUTE OF SCIENCE AND TECHNOLOGY', 'GUNUPUR'),
(109, 'HITECH COLLEGE OF PHARMACY', 'BHUBANESWAR'),
(110, 'INDIRA GANDHI INSTITUTE OF PHARMACEUTICAL SCIENCES', 'BHUBANESWAR'),
(111, 'INSTITUTE OF PHARMACY AND TECHNOLOGY', 'CUTTACK '),
(112, 'IMT PHARMACY COLLEGE', 'PURI'),
(113, 'JEYPORE COLLEGE OF PHARMACY', 'KORAPUT'),
(114, 'KANAK MANJARI INSTITUTE OF PHARMACEUTICAL SCIENCE', 'ROURKELA'),
(115, 'ROLAND INSTITUTE OF PHARMACEUTICAL SCIENCES', 'GANJAM'),
(116, 'ROYAL COLLEGE OF PHARMACY & HEALTH SCIENCES', 'GANJAM'),
(117, 'SEEMANTA INSTITUTE OF PHARMACEUTICAL SCIENCES', 'MAYURBHANJ'),
(118, 'SRI JAYADEV COLLEGE OF PHARMACEUTICAL SCIENCES', 'BHUBANESWAR'),
(119, 'THE PHARMACEUTICAL COLLEGE', 'BARGARH'),
(120, 'ACADEMY OF BUSINESS ADMINISTRATION', 'BALASORE'),
(121, 'ACADEMY OF MANAGEMENT & INFORMATION TECHNOLOGY', 'KHURDA'),
(122, 'ACADEMY OF MANAGEMENT STUDIES', 'KHURDA'),
(123, 'AJAY BINAY INSTITUTE OF TECHNOLOGY', 'CUTTACK'),
(124, 'APEX INSTITUTE OF TECHNOLOGY & MANAGEMENT', 'CUTTACK'),
(125, 'ASTHA SCHOOL OF MANAGEMENT', 'KHURDA'),
(126, 'BALASORE COLLEGE OF ENGINEERING AND TECHNOLOGY', 'BALASORE'),
(127, 'BARABATI INSTITUTE OF MANAGEMENT STUDIES', 'CUTTACK'),
(128, 'BHADRAK INSTITUTE OF ENGINEERING & TECHNOLOGY', 'BHADRAK'),
(129, 'BHUBANESWAR INST. OF MGMT. & INFORMATION TECHNOLOGY', 'KHURDA'),
(130, 'BIJU PATNAIK INST. OF INFORMATION TECH. AND MGMT.', 'KHURDA'),
(131, 'BRM INSITUTE OF MANAGEMENT AND INFORMATION TECHNOLOGY', 'KHURDA'),
(132, 'CAPITAL INSTITUTE OF MANAGEMENT AND SCIENCE, BHUBANESWAR', 'KHURDA'),
(133, 'C. V. RAMAN COLLEGE OF ENGINEERING, BHUBANESWAR', 'KHURDA'),
(134, 'CENTRE FOR IT EDUCATION, BHUBANESWAR', 'KHURDA'),
(135, 'CENTRE FOR MANAGEMENT STUDIES, ORISSA ENGINEERING COLLEGE', 'KHURDA'),
(136, 'CENTURION INSTITUTE OF TECHNOLOGY, BHUBANESWAR', 'KHURDA'),
(137, 'COLLEGE OF ENGINEERING, BHUBANESWAR', 'KHURDA'),
(138, 'DHANESWAR RATH INSTITUTE OF ENGG. AND MGMT. STUDIES', 'CUTTACK'),
(139, 'DR. AMBEDKAR MEMORIAL INST. OF INFORMATION TECHNOLOGY & MGMT', 'ROURKELA'),
(140, 'GANDHI ENGINEERING COLLEGE, BHUBANESWAR', 'KHURDA'),
(141, 'GANDHI INSTITUTE FOR TECHNOLOGY', 'KHURDA'),
(142, 'GANDHI INSTITUTE OF MANAGEMENT STUDIES', 'RAYAGADA'),
(143, 'GANDHI INSTITUTE OF TECHNOLOGICAL ADVANCEMENT', 'KHURDA'),
(144, 'GAYATRI COLLEGE OF MANAGEMENT', 'SAMBALPUR'),
(145, 'GAYATRI INSTITUTE OF COMPUTER & MANAGEMENT STUDIES', 'RAYAGADA'),
(146, 'GLOBAL INSTITUTE OF MANAGEMENT', 'CUTTACK'),
(147, 'GURUKUL INSTITUTE OF TECHNOLOGY', 'KHURDA'),
(148, 'HI-TECH INSTITUTE OF TECHNOLOGY', 'KHURDA'),
(149, 'IIPM SCHOOL OF MANAGEMENT, KANSBAHAL', 'ROURKELA'),
(150, 'INDUS COLLEGE OF ENGINEERING', 'KHURDA'),
(151, 'INSTITUTE OF ADVANCED COMPUTER & RESEARCH', 'RAYAGADA'),
(152, 'INSTITUTE OF MANAGEMENT & INFORMATION TECHNOLOGY', 'CUTTACK'),
(153, 'INSTITUTE OF PROFESSIONAL STUDIES & RESEARCH', 'CUTTACK'),
(154, 'KALAM INSTITUTE OF TECHNOLOGY', 'GANJAM'),
(155, 'KONARK INSTITUTE OF SCIENCE & TECHNOLOGY', 'KHURDA'),
(156, 'KOUSTAV INSTITUTE OF TECHNOLOGY', 'KHURDA'),
(157, 'KOUSTUV INSTITUTE OF SELF DOMAIN', 'KHURDA'),
(158, 'KUSHAGRA INSTITUTE OF INFORMATION & MANAGEMENT SCIENCE', 'CUTTACK'),
(159, 'MADHUSUDAN INSTITUTE OF CO-OPERATIVE MANAGEMENT', 'KHURDA'),
(160, 'MAHAVIR INSTITUTE OF ENGINEERING TECHNOLOGY', 'KHURDA'),
(161, 'MODERN ENGINEERING & MANAGEMENT STUDIES', 'BALASORE'),
(162, 'MODERN INSTITUTE OF TECHNOLOGY & MANAGEMENT', 'KHURDA'),
(163, 'NATIONAL INSTITUTE OF SCIENCE & TECHNOLOGY', 'BERHAMPUR'),
(164, 'NIIS INSTITUTE OF BUSINESS ADMINISTRATION', 'KHURDA'),
(165, 'NIIST INERNATIONAL INSTITUTE OF MANAGEMENT', 'KHURDA'),
(166, 'NM INSTITUTE OF ENGINEERING & TECHNOLOGY', 'KHURDA'),
(167, 'P J COLLEGE OF MANAGEMENT & TECHNOLOGY', 'KHURDA'),
(168, 'POST GRADUATE CENTRE FOR MANAGEMENT STUDIES', 'BERHAMPUR'),
(169, 'PURUSHOTTAM INSTITUTE OF ENGINEERING AND TECHNOLOGY', 'ROURKELA'),
(170, 'RAJDHANI COLLEGE OF ENGINEERING & MANAGEMENT', 'KHURDA'),
(171, 'RAJDHANI ENGINEERING COLLEGE', 'KHURDA'),
(172, 'REGIONAL COLLEGE OF MANAGEMENT', 'KHURDA'),
(173, 'RJ SCHOOL OF MANAGEMENT STUDIES', 'BALASORE'),
(174, 'ROURKELA INSTITUTE OF MANAGEMENT STUDIES', 'ROURKELA'),
(175, 'ROURKELA INSTITUTE OF TECHNOLOGY', 'ROURKELA'),
(176, 'SARASWAT INSTITUTE OF MANAGEMENT', 'KHURDA'),
(177, 'SRUSTI ACADEMYOF MANAGEMENT', 'KHURDA'),
(178, 'SUDDHANANDA SCHOOL OF MANAGEMENT & COMPUTER SCIENCE', 'CUTTACK'),
(179, 'THE TECHNO SCHOOL, BHUBANESWAR', 'KHURDA'),
(180, 'TRIDENT ACADEMY OF CREATIVE TECHNOLOGY', 'KHURDA'),
(181, 'TRIDENT ACADEMY OF TECHNOLOGY', 'KHURDA'),
(182, 'UNITED SCHOOL OF BUSINESS MANAGEMENT', 'KHURDA'),
(183, 'VIGNAN INSTITUTE OF TECHNOLOGY & MANAGEMENT', 'BERHAMPUR'),
(184, 'SATYANANDA INSTITUTE OF MANAGEMENT AND INFORMATION TECHNOLOGY', 'CUTTACK'),
(185, 'ACADEMY OF BUSINESS ADMINISTRATION', 'BALASORE'),
(186, 'AJAY BINAY INSTITUTE OF TECHNOLOGY', 'CUTTACK'),
(187, 'BALASORE COLLEGE OF ENGINEERING AND TECHNOLOGY', 'BALASORE'),
(188, 'BHADRAK INSTITUTE OF ENGINEERING & TECHNOLOGY', 'BHADRAK'),
(189, 'BHUBANESWAR ENGINEERING COLLEGE', 'KHURDA'),
(190, 'BRM INSITUTE OF MANAGEMENT AND INFORMATION TECHNOLOGY', 'KHURDA'),
(191, 'C. V. RAMAN COLLEGE OF ENGINEERING, BHUBANESWAR', 'KHURDA'),
(192, 'CENTRE FOR IT EDUCATION, BHUBANESWAR', 'KHURDA'),
(193, 'COLLEGE OF ENGINEERING & TECHNOLOGY', 'KHURDA'),
(194, 'COLLEGE OF ENGINEERING, BHUBANESWAR', 'KHURDA'),
(195, 'DR. AMBEDKAR MEMORIAL INST. OF INFORMATION TECHNOLOGY & MGMT', 'ROURKELA'),
(196, 'GANDHI ENGINEERING COLLEGE', 'KHURDA'),
(197, 'GANDHI INSTITUTE FOR TECHNOLOGY', 'KHURDA'),
(198, 'GANDHI INSTITUTE OF COMPUTER STUDIES', 'GUNUPUR'),
(199, 'GANDHI INSTITUTE OF TECHNOLOGICAL ADVANCEMENT', 'KHURDA'),
(200, 'GAYATRI INSTITUTE OF COMPUTER & MANAGEMENT STUDIES', 'GUNUPUR'),
(201, 'INDIAN INSTITUTE OF SCIENCE & INFORMATION TECHNOLOGY', 'KHURDA'),
(202, 'INDIRA GANDHI INSTITUTE OF TECHNOLOGY', 'DHENKANAL'),
(203, 'INDUS COLLEGE OF ENGINEERING', 'KHURDA'),
(204, 'INSTITUTE OF ADVANCED COMPUTER & RESEARCH', 'RAYAGADA'),
(205, 'INSTITUTE OF MANAGEMENT & INFORMATION TECHNOLOGY', 'CUTTACK'),
(206, 'INSTITUTE OF PROFESSIONAL STUDIES & RESEARCH', 'CUTTACK'),
(207, 'INSTITUTE OF TECHNICAL EDUCATION & RESEARCH', 'KHURDA'),
(208, 'KOUSTUV INSTITUTE OF SELF DOMAIN', 'KHURDA'),
(209, 'KUSHAGRA INSTITUTE OF INFORMATION & MANAGEMENT SCIENCE', 'CUTTACK'),
(210, 'MAHAVIR INSTITUTE OF ENGINEERING TECHNOLOGY', 'KHURDA'),
(211, 'NALANDA INSTITUTE OF TECHNOLOGY', 'KHURDA'),
(212, 'NATIONAL INSTITUTE OF SCIENCE & TECHNOLOGY', 'BERHAMPUR'),
(213, 'NIIS INSTITUTE OF BUSINESS ADMINISTRATION', 'KHURDA'),
(214, 'NM INSTITUTE OF ENGINEERING & TECHNOLOGY', 'KHURDA'),
(215, 'ORISSA COMPUTER ACADEMY', 'KHURDA'),
(216, 'P J COLLEGE OF MANAGEMENT & TECHNOLOGY', 'KHURDA'),
(217, 'PURUSHOTTAM INSTITUTE OF ENGINEERING AND TECHNOLOGY', 'ROURKELA'),
(218, 'RAJDHANI ENGINEERING COLLEGE, BHUBANESWAR', 'KHURDA'),
(219, 'REGIONAL COLLEGE OF MANAGEMENT', 'KHURDA'),
(220, 'ROLAND INSTITUTE OF TECHNOLOGY', 'BERHAMPUR'),
(221, 'ROURKELA INSTITUTE OF MANAGEMENT STUDIES', 'ROURKELA'),
(222, 'ROURKELA INSTITUTE OF TECHNOLOGY', 'SUNDERGARH'),
(223, 'SEEMANTA ENGINEERING COLLEGE', 'MAYURBHANJ'),
(224, 'SILICON INSTITUTE OF TECHNOLOGY', 'KHURDA'),
(225, 'SRUSTI ACADEMYOF MANAGEMENT', 'KHURDA'),
(226, 'THE TECHNO SCHOOL, BHUBANESWAR', 'KHURDA'),
(227, 'TRIDENT ACADEMY OF CREATIVE TECHNOLOGY', 'KHURDA'),
(228, 'UNITED SCHOOL OF BUSINESS MANAGEMENT', 'KHURDA'),
(229, 'COLLEGE OF ENGINEERING AND TECHNOLOGY', 'BHUBANESWAR');

-- --------------------------------------------------------

--
-- Table structure for table `tbl_event`
--

CREATE TABLE IF NOT EXISTS `tbl_event` (
  `id` int(11) NOT NULL,
  `event_name` varchar(500) NOT NULL,
  `group_event` tinyint(1) NOT NULL,
  `fee` int(11) NOT NULL
) ENGINE=InnoDB AUTO_INCREMENT=10 DEFAULT CHARSET=latin1;

--
-- Dumping data for table `tbl_event`
--

INSERT INTO `tbl_event` (`id`, `event_name`, `group_event`, `fee`) VALUES
(1, 'OVERDRIVE- The War Of Bands', 1, 500),
(2, 'GOONJ- The solo singing Competition', 0, 0),
(3, 'SARGAM- The Duet singing Competition', 1, 0),
(4, 'Theatre Play Competition', 1, 0),
(5, 'Reflex-Instant Theatre Play Competition', 1, 0),
(6, 'Nukkad- Street Play Competition', 1, 0),
(7, 'TASVEER', 0, 0),
(8, 'Dancing Feet', 0, 0),
(9, 'Burn Out', 1, 0);

-- --------------------------------------------------------

--
-- Table structure for table `tbl_groups`
--

CREATE TABLE IF NOT EXISTS `tbl_groups` (
  `id` int(11) NOT NULL,
  `group_name` varchar(500) NOT NULL,
  `event_id` int(11) NOT NULL,
  `leader` int(11) NOT NULL
) ENGINE=InnoDB AUTO_INCREMENT=35 DEFAULT CHARSET=latin1;

--
-- Dumping data for table `tbl_groups`
--

INSERT INTO `tbl_groups` (`id`, `group_name`, `event_id`, `leader`) VALUES
(25, '2154', 8, 1013),
(26, 'Time Bomb', 1, 1013),
(27, 'Timen', 9, 1013),
(34, 'ag', 1, 1013);

-- --------------------------------------------------------

--
-- Table structure for table `tbl_participation`
--

CREATE TABLE IF NOT EXISTS `tbl_participation` (
  `id` int(11) NOT NULL,
  `event_id` int(11) NOT NULL,
  `student_id` int(11) NOT NULL,
  `team` int(11) DEFAULT NULL
) ENGINE=InnoDB AUTO_INCREMENT=142 DEFAULT CHARSET=latin1;

--
-- Dumping data for table `tbl_participation`
--

INSERT INTO `tbl_participation` (`id`, `event_id`, `student_id`, `team`) VALUES
(138, 8, 1013, NULL),
(140, 1, 1013, 34),
(141, 1, 1001, 34);

-- --------------------------------------------------------

--
-- Table structure for table `tbl_student`
--

CREATE TABLE IF NOT EXISTS `tbl_student` (
  `id` int(11) NOT NULL,
  `xtasy_id` varchar(10) NOT NULL,
  `first_name` varchar(500) NOT NULL,
  `last_name` varchar(500) NOT NULL,
  `email` varchar(500) NOT NULL,
  `mobile` bigint(20) NOT NULL,
  `password` varchar(500) NOT NULL,
  `college` int(11) NOT NULL,
  `age` tinyint(4) NOT NULL,
  `create_date` datetime NOT NULL,
  `sex` enum('male','female','','') NOT NULL,
  `year` enum('1st','2nd','3rd','4th','5th') NOT NULL,
  `is_verified` tinyint(1) NOT NULL
) ENGINE=InnoDB AUTO_INCREMENT=1014 DEFAULT CHARSET=latin1;

--
-- Dumping data for table `tbl_student`
--

INSERT INTO `tbl_student` (`id`, `xtasy_id`, `first_name`, `last_name`, `email`, `mobile`, `password`, `college`, `age`, `create_date`, `sex`, `year`, `is_verified`) VALUES
(1001, 'XT1001', 'Sai', 'Gochhayat', 'sai@gmail.com', 8965874589, 'e10adc3949ba59abbe56e057f20f883e', 17, 19, '2016-01-25 00:00:00', 'male', '2nd', 0),
(1002, 'XT1002', 'Aditya', 'Padhi', 'adityapadhi@gmail.com', 8965874578, 'e10adc3949ba59abbe56e057f20f883e', 17, 3, '2016-01-25 00:00:00', 'female', '2nd', 0),
(1003, 'XT1003', 'Sandeep', 'Mahapatra', 'sandyi@gmail.com', 8795454985, 'e10adc3949ba59abbe56e057f20f883e', 17, 15, '2016-01-25 00:00:00', 'male', '2nd', 0),
(1004, 'XT1004', 'Lalu', 'Lenka', 'lalu@gmail.com', 7809296286, 'e10adc3949ba59abbe56e057f20f883e', 17, 30, '2016-01-28 00:00:00', 'female', '4th', 0),
(1005, 'XT1005', 'Chutiya', 'Chu', 'chutiya@gmail.com', 8965478965, 'e10adc3949ba59abbe56e057f20f883e', 102, 21, '2016-01-28 00:00:00', 'male', '3rd', 0),
(1007, 'XT1007', 'Test', 'Test', 'test1@gmail.com', 7854123659, 'e10adc3949ba59abbe56e057f20f883e', 17, 20, '2016-01-30 00:00:00', 'male', '3rd', 0),
(1012, 'XT1012', 'Test', 'Test', 'test@gmail.com', 4589654789, 'e10adc3949ba59abbe56e057f20f883e', 17, 20, '2016-01-30 00:00:00', 'male', '5th', 1),
(1013, 'XT1013', 'Rishav', 'Agarwal', 'rishav.159@gmail.com', 7809296286, 'dea7419512447d6a69a3da730b492853', 14, 20, '2016-02-04 00:00:00', 'male', '2nd', 1);

--
-- Indexes for dumped tables
--

--
-- Indexes for table `tbl_college`
--
ALTER TABLE `tbl_college`
  ADD PRIMARY KEY (`id`);

--
-- Indexes for table `tbl_event`
--
ALTER TABLE `tbl_event`
  ADD PRIMARY KEY (`id`);

--
-- Indexes for table `tbl_groups`
--
ALTER TABLE `tbl_groups`
  ADD PRIMARY KEY (`id`);

--
-- Indexes for table `tbl_participation`
--
ALTER TABLE `tbl_participation`
  ADD PRIMARY KEY (`id`);

--
-- Indexes for table `tbl_student`
--
ALTER TABLE `tbl_student`
  ADD PRIMARY KEY (`id`);

--
-- AUTO_INCREMENT for dumped tables
--

--
-- AUTO_INCREMENT for table `tbl_event`
--
ALTER TABLE `tbl_event`
  MODIFY `id` int(11) NOT NULL AUTO_INCREMENT,AUTO_INCREMENT=10;
--
-- AUTO_INCREMENT for table `tbl_groups`
--
ALTER TABLE `tbl_groups`
  MODIFY `id` int(11) NOT NULL AUTO_INCREMENT,AUTO_INCREMENT=35;
--
-- AUTO_INCREMENT for table `tbl_participation`
--
ALTER TABLE `tbl_participation`
  MODIFY `id` int(11) NOT NULL AUTO_INCREMENT,AUTO_INCREMENT=142;
--
-- AUTO_INCREMENT for table `tbl_student`
--
ALTER TABLE `tbl_student`
  MODIFY `id` int(11) NOT NULL AUTO_INCREMENT,AUTO_INCREMENT=1014;
/*!40101 SET CHARACTER_SET_CLIENT=@OLD_CHARACTER_SET_CLIENT */;
/*!40101 SET CHARACTER_SET_RESULTS=@OLD_CHARACTER_SET_RESULTS */;
/*!40101 SET COLLATION_CONNECTION=@OLD_COLLATION_CONNECTION */;
